{
  "scores": {
    "faithfulness": 0.8885640791956582,
    "answer_relevancy": 0.8083575139742123,
    "context_precision": 0.7944444444249408,
    "context_recall": 0.7639999999999999
  },
  "n_questions": 25,
  "tier": null,
  "retriever": "retrieve_bm25",
  "k": 5,
  "elapsed_minutes": 23.67
}